"","title","geo_accession","status","submission_date","last_update_date","type","channel_count","source_name_ch1","organism_ch1","characteristics_ch1","characteristics_ch1.1","characteristics_ch1.2","treatment_protocol_ch1","molecule_ch1","extract_protocol_ch1","label_ch1","label_protocol_ch1","taxid_ch1","hyb_protocol","scan_protocol","description","description.1","data_processing","data_processing.1","platform_id","contact_name","contact_email","contact_phone","contact_laboratory","contact_department","contact_institute","contact_address","contact_city","contact_zip/postal_code","contact_country","supplementary_file","data_row_count","age:ch1","clinical status:ch1","gender:ch1"
"GSM1337304","Normal, synovial membrane patient EB_125 (U133A)","GSM1337304","Public on Mar 05 2014","Feb 28 2014","Mar 05 2014","RNA","1","synovial membrane patient EB_125 (normal controls)","Homo sapiens","gender: male","age: 61","clinical status: normal control","none","total RNA","according RNeasy Kit, Qiagen","biotin","according to supplier instructions, Affymetrix","9606","according to supplier instructions, Affymetrix","by laser scanning (Hewlett Packard gene scanner)","see publication for details","EB_125","background corrected signal intensities were determined using the MAS 5.0 software (Affymetrix)","MAS5.0 signal intensity, ABS_CALL: presence/absence call, DETECTION P-VALUE: significance of 0-hypothesis (not expressed)","GPL96","Raimund,W,Kinne","raimund.w.kinne@med.uni-jena.de","+49 36691 81228","Experimental Rheumatology Unit, Waldkrankenhaus Rudolf Elle","Department of Orthopedics","Jena University Hospital","Klosterlausnitzer Str. 81","Eisenberg","07607","Germany","ftp://ftp.ncbi.nlm.nih.gov/geo/samples/GSM1337nnn/GSM1337304/suppl/GSM1337304_EB_125.CEL.gz","22283","61","normal control","male"
"GSM1337305","Normal, synovial membrane patient EB_184 (U133A)","GSM1337305","Public on Mar 05 2014","Feb 28 2014","Mar 05 2014","RNA","1","synovial membrane patient EB_184 (normal controls)","Homo sapiens","gender: male","age: 64","clinical status: normal control","none","total RNA","according RNeasy Kit, Qiagen","biotin","according to supplier instructions, Affymetrix","9606","according to supplier instructions, Affymetrix","by laser scanning (Hewlett Packard gene scanner)","see publication for details","EB_184","background corrected signal intensities were determined using the MAS 5.0 software (Affymetrix)","MAS5.0 signal intensity, ABS_CALL: presence/absence call, DETECTION P-VALUE: significance of 0-hypothesis (not expressed)","GPL96","Raimund,W,Kinne","raimund.w.kinne@med.uni-jena.de","+49 36691 81228","Experimental Rheumatology Unit, Waldkrankenhaus Rudolf Elle","Department of Orthopedics","Jena University Hospital","Klosterlausnitzer Str. 81","Eisenberg","07607","Germany","ftp://ftp.ncbi.nlm.nih.gov/geo/samples/GSM1337nnn/GSM1337305/suppl/GSM1337305_EB_184.CEL.gz","22283","64","normal control","male"
"GSM1337306","Normal, synovial membrane patient EB_188 (U133A)","GSM1337306","Public on Mar 05 2014","Feb 28 2014","Mar 05 2014","RNA","1","synovial membrane patient EB_188 (normal controls)","Homo sapiens","gender: female","age: 78","clinical status: normal control","none","total RNA","according RNeasy Kit, Qiagen","biotin","according to supplier instructions, Affymetrix","9606","according to supplier instructions, Affymetrix","by laser scanning (Hewlett Packard gene scanner)","see publication for details","EB_188","background corrected signal intensities were determined using the MAS 5.0 software (Affymetrix)","MAS5.0 signal intensity, ABS_CALL: presence/absence call, DETECTION P-VALUE: significance of 0-hypothesis (not expressed)","GPL96","Raimund,W,Kinne","raimund.w.kinne@med.uni-jena.de","+49 36691 81228","Experimental Rheumatology Unit, Waldkrankenhaus Rudolf Elle","Department of Orthopedics","Jena University Hospital","Klosterlausnitzer Str. 81","Eisenberg","07607","Germany","ftp://ftp.ncbi.nlm.nih.gov/geo/samples/GSM1337nnn/GSM1337306/suppl/GSM1337306_EB_188.CEL.gz","22283","78","normal control","female"
"GSM1337307","Normal, synovial membrane patient EB_228 (U133A)","GSM1337307","Public on Mar 05 2014","Feb 28 2014","Mar 05 2014","RNA","1","synovial membrane patient EB_228 (normal controls)","Homo sapiens","gender: male","age: 65","clinical status: normal control","none","total RNA","according RNeasy Kit, Qiagen","biotin","according to supplier instructions, Affymetrix","9606","according to supplier instructions, Affymetrix","by laser scanning (Hewlett Packard gene scanner)","see publication for details","EB_228","background corrected signal intensities were determined using the MAS 5.0 software (Affymetrix)","MAS5.0 signal intensity, ABS_CALL: presence/absence call, DETECTION P-VALUE: significance of 0-hypothesis (not expressed)","GPL96","Raimund,W,Kinne","raimund.w.kinne@med.uni-jena.de","+49 36691 81228","Experimental Rheumatology Unit, Waldkrankenhaus Rudolf Elle","Department of Orthopedics","Jena University Hospital","Klosterlausnitzer Str. 81","Eisenberg","07607","Germany","ftp://ftp.ncbi.nlm.nih.gov/geo/samples/GSM1337nnn/GSM1337307/suppl/GSM1337307_EB_228.CEL.gz","22283","65","normal control","male"
"GSM1337308","Normal, synovial membrane patient J_19 (U133A)","GSM1337308","Public on Mar 05 2014","Feb 28 2014","Mar 05 2014","RNA","1","synovial membrane patient J_19 (normal controls)","Homo sapiens","gender: male","age: 53","clinical status: normal control","none","total RNA","according RNeasy Kit, Qiagen","biotin","according to supplier instructions, Affymetrix","9606","according to supplier instructions, Affymetrix","by laser scanning (Hewlett Packard gene scanner)","see publication for details","J_19","background corrected signal intensities were determined using the MAS 5.0 software (Affymetrix)","MAS5.0 signal intensity, ABS_CALL: presence/absence call, DETECTION P-VALUE: significance of 0-hypothesis (not expressed)","GPL96","Raimund,W,Kinne","raimund.w.kinne@med.uni-jena.de","+49 36691 81228","Experimental Rheumatology Unit, Waldkrankenhaus Rudolf Elle","Department of Orthopedics","Jena University Hospital","Klosterlausnitzer Str. 81","Eisenberg","07607","Germany","ftp://ftp.ncbi.nlm.nih.gov/geo/samples/GSM1337nnn/GSM1337308/suppl/GSM1337308_J_19.CEL.gz","22283","53","normal control","male"
"GSM1337309","Normal, synovial membrane patient NST_1 (U133A)","GSM1337309","Public on Mar 05 2014","Feb 28 2014","Mar 05 2014","RNA","1","synovial membrane patient NST_1 (normal controls)","Homo sapiens","gender: male","age: 68","clinical status: normal control","none","total RNA","according RNeasy Kit, Qiagen","biotin","according to supplier instructions, Affymetrix","9606","according to supplier instructions, Affymetrix","by laser scanning (Hewlett Packard gene scanner)","see publication for details","NST_1","background corrected signal intensities were determined using the MAS 5.0 software (Affymetrix)","MAS5.0 signal intensity, ABS_CALL: presence/absence call, DETECTION P-VALUE: significance of 0-hypothesis (not expressed)","GPL96","Raimund,W,Kinne","raimund.w.kinne@med.uni-jena.de","+49 36691 81228","Experimental Rheumatology Unit, Waldkrankenhaus Rudolf Elle","Department of Orthopedics","Jena University Hospital","Klosterlausnitzer Str. 81","Eisenberg","07607","Germany","ftp://ftp.ncbi.nlm.nih.gov/geo/samples/GSM1337nnn/GSM1337309/suppl/GSM1337309_NST_1.CEL.gz","22283","68","normal control","male"
"GSM1337310","Normal, synovial membrane patient J_2 (U133A)","GSM1337310","Public on Mar 05 2014","Feb 28 2014","Mar 05 2014","RNA","1","synovial membrane patient J_2 (normal controls)","Homo sapiens","gender: female","age: 29","clinical status: normal control","none","total RNA","according RNeasy Kit, Qiagen","biotin","according to supplier instructions, Affymetrix","9606","according to supplier instructions, Affymetrix","by laser scanning (Hewlett Packard gene scanner)","see publication for details","J_2","background corrected signal intensities were determined using the MAS 5.0 software (Affymetrix)","MAS5.0 signal intensity, ABS_CALL: presence/absence call, DETECTION P-VALUE: significance of 0-hypothesis (not expressed)","GPL96","Raimund,W,Kinne","raimund.w.kinne@med.uni-jena.de","+49 36691 81228","Experimental Rheumatology Unit, Waldkrankenhaus Rudolf Elle","Department of Orthopedics","Jena University Hospital","Klosterlausnitzer Str. 81","Eisenberg","07607","Germany","ftp://ftp.ncbi.nlm.nih.gov/geo/samples/GSM1337nnn/GSM1337310/suppl/GSM1337310_J_2.CEL.gz","22283","29","normal control","female"
"GSM1337311","Normal, synovial membrane patient J_6 (U133A)","GSM1337311","Public on Mar 05 2014","Feb 28 2014","Mar 05 2014","RNA","1","synovial membrane patient J_6 (normal controls)","Homo sapiens","gender: male","age: 17","clinical status: normal control","none","total RNA","according RNeasy Kit, Qiagen","biotin","according to supplier instructions, Affymetrix","9606","according to supplier instructions, Affymetrix","by laser scanning (Hewlett Packard gene scanner)","see publication for details","J_6","background corrected signal intensities were determined using the MAS 5.0 software (Affymetrix)","MAS5.0 signal intensity, ABS_CALL: presence/absence call, DETECTION P-VALUE: significance of 0-hypothesis (not expressed)","GPL96","Raimund,W,Kinne","raimund.w.kinne@med.uni-jena.de","+49 36691 81228","Experimental Rheumatology Unit, Waldkrankenhaus Rudolf Elle","Department of Orthopedics","Jena University Hospital","Klosterlausnitzer Str. 81","Eisenberg","07607","Germany","ftp://ftp.ncbi.nlm.nih.gov/geo/samples/GSM1337nnn/GSM1337311/suppl/GSM1337311_J_6.CEL.gz","22283","17","normal control","male"
"GSM1337312","Normal, synovial membrane patient J_7 (U133A)","GSM1337312","Public on Mar 05 2014","Feb 28 2014","Mar 05 2014","RNA","1","synovial membrane patient J_7 (normal controls)","Homo sapiens","gender: male","age: 39","clinical status: normal control","none","total RNA","according RNeasy Kit, Qiagen","biotin","according to supplier instructions, Affymetrix","9606","according to supplier instructions, Affymetrix","by laser scanning (Hewlett Packard gene scanner)","see publication for details","J_7","background corrected signal intensities were determined using the MAS 5.0 software (Affymetrix)","MAS5.0 signal intensity, ABS_CALL: presence/absence call, DETECTION P-VALUE: significance of 0-hypothesis (not expressed)","GPL96","Raimund,W,Kinne","raimund.w.kinne@med.uni-jena.de","+49 36691 81228","Experimental Rheumatology Unit, Waldkrankenhaus Rudolf Elle","Department of Orthopedics","Jena University Hospital","Klosterlausnitzer Str. 81","Eisenberg","07607","Germany","ftp://ftp.ncbi.nlm.nih.gov/geo/samples/GSM1337nnn/GSM1337312/suppl/GSM1337312_J_7.CEL.gz","22283","39","normal control","male"
"GSM1337313","Normal, synovial membrane patient J_12 (U133A)","GSM1337313","Public on Mar 05 2014","Feb 28 2014","Mar 05 2014","RNA","1","synovial membrane patient J_12 (normal controls)","Homo sapiens","gender: male","age: 36","clinical status: normal control","none","total RNA","according RNeasy Kit, Qiagen","biotin","according to supplier instructions, Affymetrix","9606","according to supplier instructions, Affymetrix","by laser scanning (Hewlett Packard gene scanner)","see publication for details","J_12","background corrected signal intensities were determined using the MAS 5.0 software (Affymetrix)","MAS5.0 signal intensity, ABS_CALL: presence/absence call, DETECTION P-VALUE: significance of 0-hypothesis (not expressed)","GPL96","Raimund,W,Kinne","raimund.w.kinne@med.uni-jena.de","+49 36691 81228","Experimental Rheumatology Unit, Waldkrankenhaus Rudolf Elle","Department of Orthopedics","Jena University Hospital","Klosterlausnitzer Str. 81","Eisenberg","07607","Germany","ftp://ftp.ncbi.nlm.nih.gov/geo/samples/GSM1337nnn/GSM1337313/suppl/GSM1337313_J_12.CEL.gz","22283","36","normal control","male"
"GSM1337314","Rheumatoid arthritis, synovial membrane patient EB_20 (U133A)","GSM1337314","Public on Mar 05 2014","Feb 28 2014","Mar 05 2014","RNA","1","synovial membrane patient EB_20 (rheumatoid arthritis)","Homo sapiens","gender: male","age: 75","clinical status: rheumatoid arthritis","NSARD, azulfidine, prednisolone","total RNA","according RNeasy Kit, Qiagen","biotin","according to supplier instructions, Affymetrix","9606","according to supplier instructions, Affymetrix","by laser scanning (Hewlett Packard gene scanner)","see publication for details","EB_20","background corrected signal intensities were determined using the MAS 5.0 software (Affymetrix)","MAS5.0 signal intensity, ABS_CALL: presence/absence call, DETECTION P-VALUE: significance of 0-hypothesis (not expressed)","GPL96","Raimund,W,Kinne","raimund.w.kinne@med.uni-jena.de","+49 36691 81228","Experimental Rheumatology Unit, Waldkrankenhaus Rudolf Elle","Department of Orthopedics","Jena University Hospital","Klosterlausnitzer Str. 81","Eisenberg","07607","Germany","ftp://ftp.ncbi.nlm.nih.gov/geo/samples/GSM1337nnn/GSM1337314/suppl/GSM1337314_EB_20.CEL.gz","22283","75","rheumatoid arthritis","male"
"GSM1337315","Rheumatoid arthritis, synovial membrane patient EB_27 (U133A)","GSM1337315","Public on Mar 05 2014","Feb 28 2014","Mar 05 2014","RNA","1","synovial membrane patient EB_27 (rheumatoid arthritis)","Homo sapiens","gender: female","age: 79","clinical status: rheumatoid arthritis","NSARD, prednisolone, MTX","total RNA","according RNeasy Kit, Qiagen","biotin","according to supplier instructions, Affymetrix","9606","according to supplier instructions, Affymetrix","by laser scanning (Hewlett Packard gene scanner)","see publication for details","EB_27","background corrected signal intensities were determined using the MAS 5.0 software (Affymetrix)","MAS5.0 signal intensity, ABS_CALL: presence/absence call, DETECTION P-VALUE: significance of 0-hypothesis (not expressed)","GPL96","Raimund,W,Kinne","raimund.w.kinne@med.uni-jena.de","+49 36691 81228","Experimental Rheumatology Unit, Waldkrankenhaus Rudolf Elle","Department of Orthopedics","Jena University Hospital","Klosterlausnitzer Str. 81","Eisenberg","07607","Germany","ftp://ftp.ncbi.nlm.nih.gov/geo/samples/GSM1337nnn/GSM1337315/suppl/GSM1337315_EB_27.CEL.gz","22283","79","rheumatoid arthritis","female"
"GSM1337316","Rheumatoid arthritis, synovial membrane patient EB_30 (U133A)","GSM1337316","Public on Mar 05 2014","Feb 28 2014","Mar 05 2014","RNA","1","synovial membrane patient EB_30 (rheumatoid arthritis)","Homo sapiens","gender: female","age: 63","clinical status: rheumatoid arthritis","NSARD, prednisolone, MTX","total RNA","according RNeasy Kit, Qiagen","biotin","according to supplier instructions, Affymetrix","9606","according to supplier instructions, Affymetrix","by laser scanning (Hewlett Packard gene scanner)","see publication for details","EB_30","background corrected signal intensities were determined using the MAS 5.0 software (Affymetrix)","MAS5.0 signal intensity, ABS_CALL: presence/absence call, DETECTION P-VALUE: significance of 0-hypothesis (not expressed)","GPL96","Raimund,W,Kinne","raimund.w.kinne@med.uni-jena.de","+49 36691 81228","Experimental Rheumatology Unit, Waldkrankenhaus Rudolf Elle","Department of Orthopedics","Jena University Hospital","Klosterlausnitzer Str. 81","Eisenberg","07607","Germany","ftp://ftp.ncbi.nlm.nih.gov/geo/samples/GSM1337nnn/GSM1337316/suppl/GSM1337316_EB_30.CEL.gz","22283","63","rheumatoid arthritis","female"
"GSM1337317","Rheumatoid arthritis, synovial membrane patient EB_35 (U133A)","GSM1337317","Public on Mar 05 2014","Feb 28 2014","Mar 05 2014","RNA","1","synovial membrane patient EB_35 (rheumatoid arthritis)","Homo sapiens","gender: female","age: 66","clinical status: rheumatoid arthritis","NSARD, azulfidine, prednisolone, MTX","total RNA","according RNeasy Kit, Qiagen","biotin","according to supplier instructions, Affymetrix","9606","according to supplier instructions, Affymetrix","by laser scanning (Hewlett Packard gene scanner)","see publication for details","EB_35","background corrected signal intensities were determined using the MAS 5.0 software (Affymetrix)","MAS5.0 signal intensity, ABS_CALL: presence/absence call, DETECTION P-VALUE: significance of 0-hypothesis (not expressed)","GPL96","Raimund,W,Kinne","raimund.w.kinne@med.uni-jena.de","+49 36691 81228","Experimental Rheumatology Unit, Waldkrankenhaus Rudolf Elle","Department of Orthopedics","Jena University Hospital","Klosterlausnitzer Str. 81","Eisenberg","07607","Germany","ftp://ftp.ncbi.nlm.nih.gov/geo/samples/GSM1337nnn/GSM1337317/suppl/GSM1337317_EB_35.CEL.gz","22283","66","rheumatoid arthritis","female"
"GSM1337318","Rheumatoid arthritis, synovial membrane patient EB_40 (U133A)","GSM1337318","Public on Mar 05 2014","Feb 28 2014","Mar 05 2014","RNA","1","synovial membrane patient EB_40 (rheumatoid arthritis)","Homo sapiens","gender: female","age: 64","clinical status: rheumatoid arthritis","NSARD, prednisolone, MTX","total RNA","according RNeasy Kit, Qiagen","biotin","according to supplier instructions, Affymetrix","9606","according to supplier instructions, Affymetrix","by laser scanning (Hewlett Packard gene scanner)","see publication for details","EB_40","background corrected signal intensities were determined using the MAS 5.0 software (Affymetrix)","MAS5.0 signal intensity, ABS_CALL: presence/absence call, DETECTION P-VALUE: significance of 0-hypothesis (not expressed)","GPL96","Raimund,W,Kinne","raimund.w.kinne@med.uni-jena.de","+49 36691 81228","Experimental Rheumatology Unit, Waldkrankenhaus Rudolf Elle","Department of Orthopedics","Jena University Hospital","Klosterlausnitzer Str. 81","Eisenberg","07607","Germany","ftp://ftp.ncbi.nlm.nih.gov/geo/samples/GSM1337nnn/GSM1337318/suppl/GSM1337318_EB_40.CEL.gz","22283","64","rheumatoid arthritis","female"
"GSM1337319","Rheumatoid arthritis, synovial membrane patient EB_41 (U133A)","GSM1337319","Public on Mar 05 2014","Feb 28 2014","Mar 05 2014","RNA","1","synovial membrane patient EB_41 (rheumatoid arthritis)","Homo sapiens","gender: female","age: 63","clinical status: rheumatoid arthritis","NSARD, azulfidine, prednisolone","total RNA","according RNeasy Kit, Qiagen","biotin","according to supplier instructions, Affymetrix","9606","according to supplier instructions, Affymetrix","by laser scanning (Hewlett Packard gene scanner)","see publication for details","EB_41","background corrected signal intensities were determined using the MAS 5.0 software (Affymetrix)","MAS5.0 signal intensity, ABS_CALL: presence/absence call, DETECTION P-VALUE: significance of 0-hypothesis (not expressed)","GPL96","Raimund,W,Kinne","raimund.w.kinne@med.uni-jena.de","+49 36691 81228","Experimental Rheumatology Unit, Waldkrankenhaus Rudolf Elle","Department of Orthopedics","Jena University Hospital","Klosterlausnitzer Str. 81","Eisenberg","07607","Germany","ftp://ftp.ncbi.nlm.nih.gov/geo/samples/GSM1337nnn/GSM1337319/suppl/GSM1337319_EB_41.CEL.gz","22283","63","rheumatoid arthritis","female"
"GSM1337320","Rheumatoid arthritis, synovial membrane patient EB_56 (U133A)","GSM1337320","Public on Mar 05 2014","Feb 28 2014","Mar 05 2014","RNA","1","synovial membrane patient EB_56 (rheumatoid arthritis)","Homo sapiens","gender: female","age: 46","clinical status: rheumatoid arthritis","prednisolone, MTX","total RNA","according RNeasy Kit, Qiagen","biotin","according to supplier instructions, Affymetrix","9606","according to supplier instructions, Affymetrix","by laser scanning (Hewlett Packard gene scanner)","see publication for details","EB_56","background corrected signal intensities were determined using the MAS 5.0 software (Affymetrix)","MAS5.0 signal intensity, ABS_CALL: presence/absence call, DETECTION P-VALUE: significance of 0-hypothesis (not expressed)","GPL96","Raimund,W,Kinne","raimund.w.kinne@med.uni-jena.de","+49 36691 81228","Experimental Rheumatology Unit, Waldkrankenhaus Rudolf Elle","Department of Orthopedics","Jena University Hospital","Klosterlausnitzer Str. 81","Eisenberg","07607","Germany","ftp://ftp.ncbi.nlm.nih.gov/geo/samples/GSM1337nnn/GSM1337320/suppl/GSM1337320_EB_56.CEL.gz","22283","46","rheumatoid arthritis","female"
"GSM1337321","Rheumatoid arthritis, synovial membrane patient EB_74 (U133A)","GSM1337321","Public on Mar 05 2014","Feb 28 2014","Mar 05 2014","RNA","1","synovial membrane patient EB_74 (rheumatoid arthritis)","Homo sapiens","gender: female","age: 71","clinical status: rheumatoid arthritis","NSARD","total RNA","according RNeasy Kit, Qiagen","biotin","according to supplier instructions, Affymetrix","9606","according to supplier instructions, Affymetrix","by laser scanning (Hewlett Packard gene scanner)","see publication for details","EB_74","background corrected signal intensities were determined using the MAS 5.0 software (Affymetrix)","MAS5.0 signal intensity, ABS_CALL: presence/absence call, DETECTION P-VALUE: significance of 0-hypothesis (not expressed)","GPL96","Raimund,W,Kinne","raimund.w.kinne@med.uni-jena.de","+49 36691 81228","Experimental Rheumatology Unit, Waldkrankenhaus Rudolf Elle","Department of Orthopedics","Jena University Hospital","Klosterlausnitzer Str. 81","Eisenberg","07607","Germany","ftp://ftp.ncbi.nlm.nih.gov/geo/samples/GSM1337nnn/GSM1337321/suppl/GSM1337321_EB_74.CEL.gz","22283","71","rheumatoid arthritis","female"
"GSM1337322","Rheumatoid arthritis, synovial membrane patient EB_108 (U133A)","GSM1337322","Public on Mar 05 2014","Feb 28 2014","Mar 05 2014","RNA","1","synovial membrane patient EB_108 (rheumatoid arthritis)","Homo sapiens","gender: female","age: 72","clinical status: rheumatoid arthritis","NSARD, prednisolone","total RNA","according RNeasy Kit, Qiagen","biotin","according to supplier instructions, Affymetrix","9606","according to supplier instructions, Affymetrix","by laser scanning (Hewlett Packard gene scanner)","see publication for details","EB_108","background corrected signal intensities were determined using the MAS 5.0 software (Affymetrix)","MAS5.0 signal intensity, ABS_CALL: presence/absence call, DETECTION P-VALUE: significance of 0-hypothesis (not expressed)","GPL96","Raimund,W,Kinne","raimund.w.kinne@med.uni-jena.de","+49 36691 81228","Experimental Rheumatology Unit, Waldkrankenhaus Rudolf Elle","Department of Orthopedics","Jena University Hospital","Klosterlausnitzer Str. 81","Eisenberg","07607","Germany","ftp://ftp.ncbi.nlm.nih.gov/geo/samples/GSM1337nnn/GSM1337322/suppl/GSM1337322_EB_108.CEL.gz","22283","72","rheumatoid arthritis","female"
"GSM1337323","Rheumatoid arthritis, synovial membrane patient EB_109 (U133A)","GSM1337323","Public on Mar 05 2014","Feb 28 2014","Mar 05 2014","RNA","1","synovial membrane patient EB_109 (rheumatoid arthritis)","Homo sapiens","gender: female","age: 2","clinical status: rheumatoid arthritis","none","total RNA","according RNeasy Kit, Qiagen","biotin","according to supplier instructions, Affymetrix","9606","according to supplier instructions, Affymetrix","by laser scanning (Hewlett Packard gene scanner)","see publication for details","EB_109","background corrected signal intensities were determined using the MAS 5.0 software (Affymetrix)","MAS5.0 signal intensity, ABS_CALL: presence/absence call, DETECTION P-VALUE: significance of 0-hypothesis (not expressed)","GPL96","Raimund,W,Kinne","raimund.w.kinne@med.uni-jena.de","+49 36691 81228","Experimental Rheumatology Unit, Waldkrankenhaus Rudolf Elle","Department of Orthopedics","Jena University Hospital","Klosterlausnitzer Str. 81","Eisenberg","07607","Germany","ftp://ftp.ncbi.nlm.nih.gov/geo/samples/GSM1337nnn/GSM1337323/suppl/GSM1337323_EB_109.CEL.gz","22283","2","rheumatoid arthritis","female"
"GSM1337324","Rheumatoid arthritis, synovial membrane patient EB_110 (U133A)","GSM1337324","Public on Mar 05 2014","Feb 28 2014","Mar 05 2014","RNA","1","synovial membrane patient EB_110 (rheumatoid arthritis)","Homo sapiens","gender: male","age: 47","clinical status: rheumatoid arthritis","NSARD, prednisolone","total RNA","according RNeasy Kit, Qiagen","biotin","according to supplier instructions, Affymetrix","9606","according to supplier instructions, Affymetrix","by laser scanning (Hewlett Packard gene scanner)","see publication for details","EB_110","background corrected signal intensities were determined using the MAS 5.0 software (Affymetrix)","MAS5.0 signal intensity, ABS_CALL: presence/absence call, DETECTION P-VALUE: significance of 0-hypothesis (not expressed)","GPL96","Raimund,W,Kinne","raimund.w.kinne@med.uni-jena.de","+49 36691 81228","Experimental Rheumatology Unit, Waldkrankenhaus Rudolf Elle","Department of Orthopedics","Jena University Hospital","Klosterlausnitzer Str. 81","Eisenberg","07607","Germany","ftp://ftp.ncbi.nlm.nih.gov/geo/samples/GSM1337nnn/GSM1337324/suppl/GSM1337324_EB_110.CEL.gz","22283","47","rheumatoid arthritis","male"
"GSM1337325","Rheumatoid arthritis, synovial membrane patient EB_124 (U133A)","GSM1337325","Public on Mar 05 2014","Feb 28 2014","Mar 05 2014","RNA","1","synovial membrane patient EB_124 (rheumatoid arthritis)","Homo sapiens","gender: male","age: 59","clinical status: rheumatoid arthritis","COX-2 inhibitor, prednisolone, quensyl","total RNA","according RNeasy Kit, Qiagen","biotin","according to supplier instructions, Affymetrix","9606","according to supplier instructions, Affymetrix","by laser scanning (Hewlett Packard gene scanner)","see publication for details","EB_124","background corrected signal intensities were determined using the MAS 5.0 software (Affymetrix)","MAS5.0 signal intensity, ABS_CALL: presence/absence call, DETECTION P-VALUE: significance of 0-hypothesis (not expressed)","GPL96","Raimund,W,Kinne","raimund.w.kinne@med.uni-jena.de","+49 36691 81228","Experimental Rheumatology Unit, Waldkrankenhaus Rudolf Elle","Department of Orthopedics","Jena University Hospital","Klosterlausnitzer Str. 81","Eisenberg","07607","Germany","ftp://ftp.ncbi.nlm.nih.gov/geo/samples/GSM1337nnn/GSM1337325/suppl/GSM1337325_EB_124.CEL.gz","22283","59","rheumatoid arthritis","male"
"GSM1337326","Rheumatoid arthritis, synovial membrane patient EB_141 (U133A)","GSM1337326","Public on Mar 05 2014","Feb 28 2014","Mar 05 2014","RNA","1","synovial membrane patient EB_141 (rheumatoid arthritis)","Homo sapiens","gender: female","age: 73","clinical status: rheumatoid arthritis","NSAID, prednisolone, Tilidin","total RNA","according RNeasy Kit, Qiagen","biotin","according to supplier instructions, Affymetrix","9606","according to supplier instructions, Affymetrix","by laser scanning (Hewlett Packard gene scanner)","see publication for details","EB_141","background corrected signal intensities were determined using the MAS 5.0 software (Affymetrix)","MAS5.0 signal intensity, ABS_CALL: presence/absence call, DETECTION P-VALUE: significance of 0-hypothesis (not expressed)","GPL96","Raimund,W,Kinne","raimund.w.kinne@med.uni-jena.de","+49 36691 81228","Experimental Rheumatology Unit, Waldkrankenhaus Rudolf Elle","Department of Orthopedics","Jena University Hospital","Klosterlausnitzer Str. 81","Eisenberg","07607","Germany","ftp://ftp.ncbi.nlm.nih.gov/geo/samples/GSM1337nnn/GSM1337326/suppl/GSM1337326_EB_141.CEL.gz","22283","73","rheumatoid arthritis","female"
"GSM1337327","Osteoarthritis, synovial membrane patient EB_21 (U133A)","GSM1337327","Public on Mar 05 2014","Feb 28 2014","Mar 05 2014","RNA","1","synovial membrane patient EB_21 (osteoarthrisits)","Homo sapiens","gender: female","age: 77","clinical status: osteoarthritis","none","total RNA","according RNeasy Kit, Qiagen","biotin","according to supplier instructions, Affymetrix","9606","according to supplier instructions, Affymetrix","by laser scanning (Hewlett Packard gene scanner)","see publication for details","EB_21","background corrected signal intensities were determined using the MAS 5.0 software (Affymetrix)","MAS5.0 signal intensity, ABS_CALL: presence/absence call, DETECTION P-VALUE: significance of 0-hypothesis (not expressed)","GPL96","Raimund,W,Kinne","raimund.w.kinne@med.uni-jena.de","+49 36691 81228","Experimental Rheumatology Unit, Waldkrankenhaus Rudolf Elle","Department of Orthopedics","Jena University Hospital","Klosterlausnitzer Str. 81","Eisenberg","07607","Germany","ftp://ftp.ncbi.nlm.nih.gov/geo/samples/GSM1337nnn/GSM1337327/suppl/GSM1337327_EB_21.CEL.gz","22283","77","osteoarthritis","female"
"GSM1337328","Osteoarthritis, synovial membrane patient EB_24 (U133A)","GSM1337328","Public on Mar 05 2014","Feb 28 2014","Mar 05 2014","RNA","1","synovial membrane patient EB_24 (osteoarthrisits)","Homo sapiens","gender: female","age: 71","clinical status: osteoarthritis","NSARD","total RNA","according RNeasy Kit, Qiagen","biotin","according to supplier instructions, Affymetrix","9606","according to supplier instructions, Affymetrix","by laser scanning (Hewlett Packard gene scanner)","see publication for details","EB_24","background corrected signal intensities were determined using the MAS 5.0 software (Affymetrix)","MAS5.0 signal intensity, ABS_CALL: presence/absence call, DETECTION P-VALUE: significance of 0-hypothesis (not expressed)","GPL96","Raimund,W,Kinne","raimund.w.kinne@med.uni-jena.de","+49 36691 81228","Experimental Rheumatology Unit, Waldkrankenhaus Rudolf Elle","Department of Orthopedics","Jena University Hospital","Klosterlausnitzer Str. 81","Eisenberg","07607","Germany","ftp://ftp.ncbi.nlm.nih.gov/geo/samples/GSM1337nnn/GSM1337328/suppl/GSM1337328_EB_24.CEL.gz","22283","71","osteoarthritis","female"
"GSM1337329","Osteoarthritis, synovial membrane patient EB_54 (U133A)","GSM1337329","Public on Mar 05 2014","Feb 28 2014","Mar 05 2014","RNA","1","synovial membrane patient EB_54 (osteoarthrisits)","Homo sapiens","gender: female","age: 76","clinical status: osteoarthritis","NSARD","total RNA","according RNeasy Kit, Qiagen","biotin","according to supplier instructions, Affymetrix","9606","according to supplier instructions, Affymetrix","by laser scanning (Hewlett Packard gene scanner)","see publication for details","EB_54","background corrected signal intensities were determined using the MAS 5.0 software (Affymetrix)","MAS5.0 signal intensity, ABS_CALL: presence/absence call, DETECTION P-VALUE: significance of 0-hypothesis (not expressed)","GPL96","Raimund,W,Kinne","raimund.w.kinne@med.uni-jena.de","+49 36691 81228","Experimental Rheumatology Unit, Waldkrankenhaus Rudolf Elle","Department of Orthopedics","Jena University Hospital","Klosterlausnitzer Str. 81","Eisenberg","07607","Germany","ftp://ftp.ncbi.nlm.nih.gov/geo/samples/GSM1337nnn/GSM1337329/suppl/GSM1337329_EB_54.CEL.gz","22283","76","osteoarthritis","female"
"GSM1337330","Osteoarthritis, synovial membrane patient EB_90 (U133A)","GSM1337330","Public on Mar 05 2014","Feb 28 2014","Mar 05 2014","RNA","1","synovial membrane patient EB_90 (osteoarthrisits)","Homo sapiens","gender: female","age: 61","clinical status: osteoarthritis","none","total RNA","according RNeasy Kit, Qiagen","biotin","according to supplier instructions, Affymetrix","9606","according to supplier instructions, Affymetrix","by laser scanning (Hewlett Packard gene scanner)","see publication for details","EB_90","background corrected signal intensities were determined using the MAS 5.0 software (Affymetrix)","MAS5.0 signal intensity, ABS_CALL: presence/absence call, DETECTION P-VALUE: significance of 0-hypothesis (not expressed)","GPL96","Raimund,W,Kinne","raimund.w.kinne@med.uni-jena.de","+49 36691 81228","Experimental Rheumatology Unit, Waldkrankenhaus Rudolf Elle","Department of Orthopedics","Jena University Hospital","Klosterlausnitzer Str. 81","Eisenberg","07607","Germany","ftp://ftp.ncbi.nlm.nih.gov/geo/samples/GSM1337nnn/GSM1337330/suppl/GSM1337330_EB_90.CEL.gz","22283","61","osteoarthritis","female"
"GSM1337331","Osteoarthritis, synovial membrane patient EB_94 (U133A)","GSM1337331","Public on Mar 05 2014","Feb 28 2014","Mar 05 2014","RNA","1","synovial membrane patient EB_94 (osteoarthrisits)","Homo sapiens","gender: female","age: 75","clinical status: osteoarthritis","NSARD","total RNA","according RNeasy Kit, Qiagen","biotin","according to supplier instructions, Affymetrix","9606","according to supplier instructions, Affymetrix","by laser scanning (Hewlett Packard gene scanner)","see publication for details","EB_94","background corrected signal intensities were determined using the MAS 5.0 software (Affymetrix)","MAS5.0 signal intensity, ABS_CALL: presence/absence call, DETECTION P-VALUE: significance of 0-hypothesis (not expressed)","GPL96","Raimund,W,Kinne","raimund.w.kinne@med.uni-jena.de","+49 36691 81228","Experimental Rheumatology Unit, Waldkrankenhaus Rudolf Elle","Department of Orthopedics","Jena University Hospital","Klosterlausnitzer Str. 81","Eisenberg","07607","Germany","ftp://ftp.ncbi.nlm.nih.gov/geo/samples/GSM1337nnn/GSM1337331/suppl/GSM1337331_EB_94.CEL.gz","22283","75","osteoarthritis","female"
"GSM1337332","Osteoarthritis, synovial membrane patient EB_97 (U133A)","GSM1337332","Public on Mar 05 2014","Feb 28 2014","Mar 05 2014","RNA","1","synovial membrane patient EB_97 (osteoarthrisits)","Homo sapiens","gender: male","age: 78","clinical status: osteoarthritis","NSARD, prednisolone, MTX","total RNA","according RNeasy Kit, Qiagen","biotin","according to supplier instructions, Affymetrix","9606","according to supplier instructions, Affymetrix","by laser scanning (Hewlett Packard gene scanner)","see publication for details","EB_97","background corrected signal intensities were determined using the MAS 5.0 software (Affymetrix)","MAS5.0 signal intensity, ABS_CALL: presence/absence call, DETECTION P-VALUE: significance of 0-hypothesis (not expressed)","GPL96","Raimund,W,Kinne","raimund.w.kinne@med.uni-jena.de","+49 36691 81228","Experimental Rheumatology Unit, Waldkrankenhaus Rudolf Elle","Department of Orthopedics","Jena University Hospital","Klosterlausnitzer Str. 81","Eisenberg","07607","Germany","ftp://ftp.ncbi.nlm.nih.gov/geo/samples/GSM1337nnn/GSM1337332/suppl/GSM1337332_EB_97.CEL.gz","22283","78","osteoarthritis","male"
"GSM1337333","Osteoarthritis, synovial membrane patient EB_99 (U133A)","GSM1337333","Public on Mar 05 2014","Feb 28 2014","Mar 05 2014","RNA","1","synovial membrane patient EB_99 (osteoarthrisits)","Homo sapiens","gender: male","age: 69","clinical status: osteoarthritis","NSARD","total RNA","according RNeasy Kit, Qiagen","biotin","according to supplier instructions, Affymetrix","9606","according to supplier instructions, Affymetrix","by laser scanning (Hewlett Packard gene scanner)","see publication for details","EB_99","background corrected signal intensities were determined using the MAS 5.0 software (Affymetrix)","MAS5.0 signal intensity, ABS_CALL: presence/absence call, DETECTION P-VALUE: significance of 0-hypothesis (not expressed)","GPL96","Raimund,W,Kinne","raimund.w.kinne@med.uni-jena.de","+49 36691 81228","Experimental Rheumatology Unit, Waldkrankenhaus Rudolf Elle","Department of Orthopedics","Jena University Hospital","Klosterlausnitzer Str. 81","Eisenberg","07607","Germany","ftp://ftp.ncbi.nlm.nih.gov/geo/samples/GSM1337nnn/GSM1337333/suppl/GSM1337333_EB_99.CEL.gz","22283","69","osteoarthritis","male"
"GSM1337334","Osteoarthritis, synovial membrane patient EB_100 (U133A)","GSM1337334","Public on Mar 05 2014","Feb 28 2014","Mar 05 2014","RNA","1","synovial membrane patient EB_100 (osteoarthrisits)","Homo sapiens","gender: female","age: 71","clinical status: osteoarthritis","NSARD","total RNA","according RNeasy Kit, Qiagen","biotin","according to supplier instructions, Affymetrix","9606","according to supplier instructions, Affymetrix","by laser scanning (Hewlett Packard gene scanner)","see publication for details","EB_100","background corrected signal intensities were determined using the MAS 5.0 software (Affymetrix)","MAS5.0 signal intensity, ABS_CALL: presence/absence call, DETECTION P-VALUE: significance of 0-hypothesis (not expressed)","GPL96","Raimund,W,Kinne","raimund.w.kinne@med.uni-jena.de","+49 36691 81228","Experimental Rheumatology Unit, Waldkrankenhaus Rudolf Elle","Department of Orthopedics","Jena University Hospital","Klosterlausnitzer Str. 81","Eisenberg","07607","Germany","ftp://ftp.ncbi.nlm.nih.gov/geo/samples/GSM1337nnn/GSM1337334/suppl/GSM1337334_EB_100.CEL.gz","22283","71","osteoarthritis","female"
"GSM1337335","Osteoarthritis, synovial membrane patient EB_104 (U133A)","GSM1337335","Public on Mar 05 2014","Feb 28 2014","Mar 05 2014","RNA","1","synovial membrane patient EB_104 (osteoarthrisits)","Homo sapiens","gender: female","age: 80","clinical status: osteoarthritis","NSARD","total RNA","according RNeasy Kit, Qiagen","biotin","according to supplier instructions, Affymetrix","9606","according to supplier instructions, Affymetrix","by laser scanning (Hewlett Packard gene scanner)","see publication for details","EB_104","background corrected signal intensities were determined using the MAS 5.0 software (Affymetrix)","MAS5.0 signal intensity, ABS_CALL: presence/absence call, DETECTION P-VALUE: significance of 0-hypothesis (not expressed)","GPL96","Raimund,W,Kinne","raimund.w.kinne@med.uni-jena.de","+49 36691 81228","Experimental Rheumatology Unit, Waldkrankenhaus Rudolf Elle","Department of Orthopedics","Jena University Hospital","Klosterlausnitzer Str. 81","Eisenberg","07607","Germany","ftp://ftp.ncbi.nlm.nih.gov/geo/samples/GSM1337nnn/GSM1337335/suppl/GSM1337335_EB_104.CEL.gz","22283","80","osteoarthritis","female"
"GSM1337336","Osteoarthritis, synovial membrane patient EB_140 (U133A)","GSM1337336","Public on Mar 05 2014","Feb 28 2014","Mar 05 2014","RNA","1","synovial membrane patient EB_140 (osteoarthrisits)","Homo sapiens","gender: female","age: 66","clinical status: osteoarthritis","NSAID","total RNA","according RNeasy Kit, Qiagen","biotin","according to supplier instructions, Affymetrix","9606","according to supplier instructions, Affymetrix","by laser scanning (Hewlett Packard gene scanner)","see publication for details","EB_140","background corrected signal intensities were determined using the MAS 5.0 software (Affymetrix)","MAS5.0 signal intensity, ABS_CALL: presence/absence call, DETECTION P-VALUE: significance of 0-hypothesis (not expressed)","GPL96","Raimund,W,Kinne","raimund.w.kinne@med.uni-jena.de","+49 36691 81228","Experimental Rheumatology Unit, Waldkrankenhaus Rudolf Elle","Department of Orthopedics","Jena University Hospital","Klosterlausnitzer Str. 81","Eisenberg","07607","Germany","ftp://ftp.ncbi.nlm.nih.gov/geo/samples/GSM1337nnn/GSM1337336/suppl/GSM1337336_EB_140.CEL.gz","22283","66","osteoarthritis","female"
