"","title","geo_accession","status","submission_date","last_update_date","type","channel_count","source_name_ch1","organism_ch1","characteristics_ch1","characteristics_ch1.1","characteristics_ch1.2","treatment_protocol_ch1","growth_protocol_ch1","molecule_ch1","extract_protocol_ch1","label_ch1","label_protocol_ch1","taxid_ch1","hyb_protocol","scan_protocol","description","data_processing","platform_id","contact_name","contact_email","contact_institute","contact_address","contact_city","contact_state","contact_zip/postal_code","contact_country","supplementary_file","data_row_count","cell type:ch1","disease status:ch1","gender:ch1"
"GSM1129198","OA1","GSM1129198","Public on Apr 25 2013","Apr 24 2013","Apr 25 2013","genomic","1","Fibroblast-like synoviocytes, osteoarthritis","Homo sapiens","disease status: osteoarthritis","cell type: fibroblast-like synoviocytes","gender: male","Cells were not further treated or stimulated. Cells in stable culture were extracted.","Fibroblast-like-synoviocytes were cultured in 10% bovine serum and maintained between 30 and 80% confluence 5% CO2 atmosphere, 37C. Cells were here harvested at 80% confluence. Reference: Rosengren S, Boyle DL, Firestein GS. Acquisition, culture, and phenotyping of synovial fibroblasts. Methods Mol Med 135:365-75 2007.","genomic DNA","Applied Biosystems, MagMax kit was used for extraction. DNA was quantified by Pico-Green and concentrated on Amicon Ultra Spin columns.","Cy5 and Cy3","Standard Illumina Protocol.","9606","Infinium Human Methylation 450k BeadChip using standard Illumina protocol.","Arrays were imaged using BeadArray Reader using standard recommended protocol.","OA799","GenomeStudio.","GPL16304","John,William,Whitaker","drjohnwhitaker@gmail.com","UCSD","Gliam Drive","San Diego","Ca","92122","USA","NONE","485512","fibroblast-like synoviocytes","osteoarthritis","male"
"GSM1129199","OA2","GSM1129199","Public on Apr 25 2013","Apr 24 2013","Apr 25 2013","genomic","1","Fibroblast-like synoviocytes, osteoarthritis","Homo sapiens","disease status: osteoarthritis","cell type: fibroblast-like synoviocytes","gender: male","Cells were not further treated or stimulated. Cells in stable culture were extracted.","Fibroblast-like-synoviocytes were cultured in 10% bovine serum and maintained between 30 and 80% confluence 5% CO2 atmosphere, 37C. Cells were here harvested at 80% confluence. Reference: Rosengren S, Boyle DL, Firestein GS. Acquisition, culture, and phenotyping of synovial fibroblasts. Methods Mol Med 135:365-75 2007.","genomic DNA","Applied Biosystems, MagMax kit was used for extraction. DNA was quantified by Pico-Green and concentrated on Amicon Ultra Spin columns.","Cy5 and Cy3","Standard Illumina Protocol.","9606","Infinium Human Methylation 450k BeadChip using standard Illumina protocol.","Arrays were imaged using BeadArray Reader using standard recommended protocol.","OA1027","GenomeStudio.","GPL16304","John,William,Whitaker","drjohnwhitaker@gmail.com","UCSD","Gliam Drive","San Diego","Ca","92122","USA","NONE","485512","fibroblast-like synoviocytes","osteoarthritis","male"
"GSM1129200","OA3","GSM1129200","Public on Apr 25 2013","Apr 24 2013","Apr 25 2013","genomic","1","Fibroblast-like synoviocytes, osteoarthritis","Homo sapiens","disease status: osteoarthritis","cell type: fibroblast-like synoviocytes","gender: male","Cells were not further treated or stimulated. Cells in stable culture were extracted.","Fibroblast-like-synoviocytes were cultured in 10% bovine serum and maintained between 30 and 80% confluence 5% CO2 atmosphere, 37C. Cells were here harvested at 80% confluence. Reference: Rosengren S, Boyle DL, Firestein GS. Acquisition, culture, and phenotyping of synovial fibroblasts. Methods Mol Med 135:365-75 2007.","genomic DNA","Applied Biosystems, MagMax kit was used for extraction. DNA was quantified by Pico-Green and concentrated on Amicon Ultra Spin columns.","Cy5 and Cy3","Standard Illumina Protocol.","9606","Infinium Human Methylation 450k BeadChip using standard Illumina protocol.","Arrays were imaged using BeadArray Reader using standard recommended protocol.","OA1316","GenomeStudio.","GPL16304","John,William,Whitaker","drjohnwhitaker@gmail.com","UCSD","Gliam Drive","San Diego","Ca","92122","USA","NONE","485512","fibroblast-like synoviocytes","osteoarthritis","male"
"GSM1129201","OA4","GSM1129201","Public on Apr 25 2013","Apr 24 2013","Apr 25 2013","genomic","1","Fibroblast-like synoviocytes, osteoarthritis","Homo sapiens","disease status: osteoarthritis","cell type: fibroblast-like synoviocytes","gender: male","Cells were not further treated or stimulated. Cells in stable culture were extracted.","Fibroblast-like-synoviocytes were cultured in 10% bovine serum and maintained between 30 and 80% confluence 5% CO2 atmosphere, 37C. Cells were here harvested at 80% confluence. Reference: Rosengren S, Boyle DL, Firestein GS. Acquisition, culture, and phenotyping of synovial fibroblasts. Methods Mol Med 135:365-75 2007.","genomic DNA","Applied Biosystems, MagMax kit was used for extraction. DNA was quantified by Pico-Green and concentrated on Amicon Ultra Spin columns.","Cy5 and Cy3","Standard Illumina Protocol.","9606","Infinium Human Methylation 450k BeadChip using standard Illumina protocol.","Arrays were imaged using BeadArray Reader using standard recommended protocol.","OA1412","GenomeStudio.","GPL16304","John,William,Whitaker","drjohnwhitaker@gmail.com","UCSD","Gliam Drive","San Diego","Ca","92122","USA","NONE","485512","fibroblast-like synoviocytes","osteoarthritis","male"
"GSM1129202","OA5","GSM1129202","Public on Apr 25 2013","Apr 24 2013","Apr 25 2013","genomic","1","Fibroblast-like synoviocytes, osteoarthritis","Homo sapiens","disease status: osteoarthritis","cell type: fibroblast-like synoviocytes","gender: male","Cells were not further treated or stimulated. Cells in stable culture were extracted.","Fibroblast-like-synoviocytes were cultured in 10% bovine serum and maintained between 30 and 80% confluence 5% CO2 atmosphere, 37C. Cells were here harvested at 80% confluence. Reference: Rosengren S, Boyle DL, Firestein GS. Acquisition, culture, and phenotyping of synovial fibroblasts. Methods Mol Med 135:365-75 2007.","genomic DNA","Applied Biosystems, MagMax kit was used for extraction. DNA was quantified by Pico-Green and concentrated on Amicon Ultra Spin columns.","Cy5 and Cy3","Standard Illumina Protocol.","9606","Infinium Human Methylation 450k BeadChip using standard Illumina protocol.","Arrays were imaged using BeadArray Reader using standard recommended protocol.","OA1561","GenomeStudio.","GPL16304","John,William,Whitaker","drjohnwhitaker@gmail.com","UCSD","Gliam Drive","San Diego","Ca","92122","USA","NONE","485512","fibroblast-like synoviocytes","osteoarthritis","male"
"GSM1129203","RA1","GSM1129203","Public on Apr 25 2013","Apr 24 2013","Apr 25 2013","genomic","1","Fibroblast-like synoviocytes, rheumatoid arthritis","Homo sapiens","disease status: rheumatoid arthritis","cell type: fibroblast-like synoviocytes","gender: male","Cells were not further treated or stimulated. Cells in stable culture were extracted.","Fibroblast-like-synoviocytes were cultured in 10% bovine serum and maintained between 30 and 80% confluence 5% CO2 atmosphere, 37C. Cells were here harvested at 80% confluence. Reference: Rosengren S, Boyle DL, Firestein GS. Acquisition, culture, and phenotyping of synovial fibroblasts. Methods Mol Med 135:365-75 2007.","genomic DNA","Applied Biosystems, MagMax kit was used for extraction. DNA was quantified by Pico-Green and concentrated on Amicon Ultra Spin columns.","Cy5 and Cy3","Standard Illumina Protocol.","9606","Infinium Human Methylation 450k BeadChip using standard Illumina protocol.","Arrays were imaged using BeadArray Reader using standard recommended protocol.","RA999","GenomeStudio.","GPL16304","John,William,Whitaker","drjohnwhitaker@gmail.com","UCSD","Gliam Drive","San Diego","Ca","92122","USA","NONE","485512","fibroblast-like synoviocytes","rheumatoid arthritis","male"
"GSM1129204","RA2","GSM1129204","Public on Apr 25 2013","Apr 24 2013","Apr 25 2013","genomic","1","Fibroblast-like synoviocytes, rheumatoid arthritis","Homo sapiens","disease status: rheumatoid arthritis","cell type: fibroblast-like synoviocytes","gender: male","Cells were not further treated or stimulated. Cells in stable culture were extracted.","Fibroblast-like-synoviocytes were cultured in 10% bovine serum and maintained between 30 and 80% confluence 5% CO2 atmosphere, 37C. Cells were here harvested at 80% confluence. Reference: Rosengren S, Boyle DL, Firestein GS. Acquisition, culture, and phenotyping of synovial fibroblasts. Methods Mol Med 135:365-75 2007.","genomic DNA","Applied Biosystems, MagMax kit was used for extraction. DNA was quantified by Pico-Green and concentrated on Amicon Ultra Spin columns.","Cy5 and Cy3","Standard Illumina Protocol.","9606","Infinium Human Methylation 450k BeadChip using standard Illumina protocol.","Arrays were imaged using BeadArray Reader using standard recommended protocol.","RA1016","GenomeStudio.","GPL16304","John,William,Whitaker","drjohnwhitaker@gmail.com","UCSD","Gliam Drive","San Diego","Ca","92122","USA","NONE","485512","fibroblast-like synoviocytes","rheumatoid arthritis","male"
"GSM1129205","RA3","GSM1129205","Public on Apr 25 2013","Apr 24 2013","Apr 25 2013","genomic","1","Fibroblast-like synoviocytes, rheumatoid arthritis","Homo sapiens","disease status: rheumatoid arthritis","cell type: fibroblast-like synoviocytes","gender: male","Cells were not further treated or stimulated. Cells in stable culture were extracted.","Fibroblast-like-synoviocytes were cultured in 10% bovine serum and maintained between 30 and 80% confluence 5% CO2 atmosphere, 37C. Cells were here harvested at 80% confluence. Reference: Rosengren S, Boyle DL, Firestein GS. Acquisition, culture, and phenotyping of synovial fibroblasts. Methods Mol Med 135:365-75 2007.","genomic DNA","Applied Biosystems, MagMax kit was used for extraction. DNA was quantified by Pico-Green and concentrated on Amicon Ultra Spin columns.","Cy5 and Cy3","Standard Illumina Protocol.","9606","Infinium Human Methylation 450k BeadChip using standard Illumina protocol.","Arrays were imaged using BeadArray Reader using standard recommended protocol.","RA1177","GenomeStudio.","GPL16304","John,William,Whitaker","drjohnwhitaker@gmail.com","UCSD","Gliam Drive","San Diego","Ca","92122","USA","NONE","485512","fibroblast-like synoviocytes","rheumatoid arthritis","male"
"GSM1129206","RA4","GSM1129206","Public on Apr 25 2013","Apr 24 2013","Apr 25 2013","genomic","1","Fibroblast-like synoviocytes, rheumatoid arthritis","Homo sapiens","disease status: rheumatoid arthritis","cell type: fibroblast-like synoviocytes","gender: male","Cells were not further treated or stimulated. Cells in stable culture were extracted.","Fibroblast-like-synoviocytes were cultured in 10% bovine serum and maintained between 30 and 80% confluence 5% CO2 atmosphere, 37C. Cells were here harvested at 80% confluence. Reference: Rosengren S, Boyle DL, Firestein GS. Acquisition, culture, and phenotyping of synovial fibroblasts. Methods Mol Med 135:365-75 2007.","genomic DNA","Applied Biosystems, MagMax kit was used for extraction. DNA was quantified by Pico-Green and concentrated on Amicon Ultra Spin columns.","Cy5 and Cy3","Standard Illumina Protocol.","9606","Infinium Human Methylation 450k BeadChip using standard Illumina protocol.","Arrays were imaged using BeadArray Reader using standard recommended protocol.","RA1371","GenomeStudio.","GPL16304","John,William,Whitaker","drjohnwhitaker@gmail.com","UCSD","Gliam Drive","San Diego","Ca","92122","USA","NONE","485512","fibroblast-like synoviocytes","rheumatoid arthritis","male"
"GSM1129207","RA5","GSM1129207","Public on Apr 25 2013","Apr 24 2013","Apr 25 2013","genomic","1","Fibroblast-like synoviocytes, rheumatoid arthritis","Homo sapiens","disease status: rheumatoid arthritis","cell type: fibroblast-like synoviocytes","gender: male","Cells were not further treated or stimulated. Cells in stable culture were extracted.","Fibroblast-like-synoviocytes were cultured in 10% bovine serum and maintained between 30 and 80% confluence 5% CO2 atmosphere, 37C. Cells were here harvested at 80% confluence. Reference: Rosengren S, Boyle DL, Firestein GS. Acquisition, culture, and phenotyping of synovial fibroblasts. Methods Mol Med 135:365-75 2007.","genomic DNA","Applied Biosystems, MagMax kit was used for extraction. DNA was quantified by Pico-Green and concentrated on Amicon Ultra Spin columns.","Cy5 and Cy3","Standard Illumina Protocol.","9606","Infinium Human Methylation 450k BeadChip using standard Illumina protocol.","Arrays were imaged using BeadArray Reader using standard recommended protocol.","RA1402","GenomeStudio.","GPL16304","John,William,Whitaker","drjohnwhitaker@gmail.com","UCSD","Gliam Drive","San Diego","Ca","92122","USA","NONE","485512","fibroblast-like synoviocytes","rheumatoid arthritis","male"
"GSM1129208","RA6","GSM1129208","Public on Apr 25 2013","Apr 24 2013","Apr 25 2013","genomic","1","Fibroblast-like synoviocytes, rheumatoid arthritis","Homo sapiens","disease status: rheumatoid arthritis","cell type: fibroblast-like synoviocytes","gender: male","Cells were not further treated or stimulated. Cells in stable culture were extracted.","Fibroblast-like-synoviocytes were cultured in 10% bovine serum and maintained between 30 and 80% confluence 5% CO2 atmosphere, 37C. Cells were here harvested at 80% confluence. Reference: Rosengren S, Boyle DL, Firestein GS. Acquisition, culture, and phenotyping of synovial fibroblasts. Methods Mol Med 135:365-75 2007.","genomic DNA","Applied Biosystems, MagMax kit was used for extraction. DNA was quantified by Pico-Green and concentrated on Amicon Ultra Spin columns.","Cy5 and Cy3","Standard Illumina Protocol.","9606","Infinium Human Methylation 450k BeadChip using standard Illumina protocol.","Arrays were imaged using BeadArray Reader using standard recommended protocol.","RA1577","GenomeStudio.","GPL16304","John,William,Whitaker","drjohnwhitaker@gmail.com","UCSD","Gliam Drive","San Diego","Ca","92122","USA","NONE","485512","fibroblast-like synoviocytes","rheumatoid arthritis","male"
