"","title","geo_accession","status","submission_date","last_update_date","type","channel_count","source_name_ch1","organism_ch1","characteristics_ch1","characteristics_ch1.1","characteristics_ch1.2","characteristics_ch1.3","characteristics_ch1.4","molecule_ch1","extract_protocol_ch1","label_ch1","label_protocol_ch1","taxid_ch1","hyb_protocol","scan_protocol","data_processing","data_processing.1","data_processing.2","platform_id","contact_name","contact_email","contact_department","contact_institute","contact_address","contact_city","contact_zip/postal_code","contact_country","supplementary_file","data_row_count","age:ch1","disease state:ch1","haplogroup:ch1","Sex:ch1","tissue:ch1"
"GSM1058094","cartilage knee 10SE191_2","GSM1058094","Public on Apr 01 2013","Dec 28 2012","Apr 01 2013","RNA","1","cartilage knee","Homo sapiens","disease state: osteoarthritis","age: 45","Sex: Male","haplogroup: H","tissue: knee cartilage","total RNA","Total RNA was isolated from crushed tissue using the Rneasy Mini kit (Qiagen) following manufacturer instructions, with the addition of a DNAse digestion step.","biotin","Fragmented cDNA was labelled using the WT Terminal Labelling kit (Affymetrix)","9606","Washing and staining using kit for WT array plates, following Affymetrix protocol, Hybridization was carried out using GeneTitan Hybridization","Scan was performed on GeneTitan instrument","CEL files were read with oligo package and subsequently analyzed with the same package. RMA algorithm was applied and a filter step based on annotation was also included in the analysis.","pd.hugene.1.1.st.v1","hugene11sttranscriptcluster.db","GPL11532","Juan,,Fernandez Tajes","jfernandezt@udc.es","Genomics Area","INIBIC","As Xubias","A Coruña","15006","Spain","ftp://ftp.ncbi.nlm.nih.gov/geo/samples/GSM1058nnn/GSM1058094/suppl/GSM1058094_10SE191_2.CEL.gz","33297","45","osteoarthritis","H","Male","knee cartilage"
"GSM1058095","cartilage knee 10SE216","GSM1058095","Public on Apr 01 2013","Dec 28 2012","Apr 01 2013","RNA","1","cartilage knee","Homo sapiens","disease state: osteoarthritis","age: 67","Sex: Female","haplogroup: T","tissue: knee cartilage","total RNA","Total RNA was isolated from crushed tissue using the Rneasy Mini kit (Qiagen) following manufacturer instructions, with the addition of a DNAse digestion step.","biotin","Fragmented cDNA was labelled using the WT Terminal Labelling kit (Affymetrix)","9606","Washing and staining using kit for WT array plates, following Affymetrix protocol, Hybridization was carried out using GeneTitan Hybridization","Scan was performed on GeneTitan instrument","CEL files were read with oligo package and subsequently analyzed with the same package. RMA algorithm was applied and a filter step based on annotation was also included in the analysis.","pd.hugene.1.1.st.v1","hugene11sttranscriptcluster.db","GPL11532","Juan,,Fernandez Tajes","jfernandezt@udc.es","Genomics Area","INIBIC","As Xubias","A Coruña","15006","Spain","ftp://ftp.ncbi.nlm.nih.gov/geo/samples/GSM1058nnn/GSM1058095/suppl/GSM1058095_10SE216.CEL.gz","33297","67","osteoarthritis","T","Female","knee cartilage"
"GSM1058096","cartilage knee 10SE358","GSM1058096","Public on Apr 01 2013","Dec 28 2012","Apr 01 2013","RNA","1","cartilage knee","Homo sapiens","disease state: osteoarthritis","age: 65","Sex: Female","haplogroup: T","tissue: knee cartilage","total RNA","Total RNA was isolated from crushed tissue using the Rneasy Mini kit (Qiagen) following manufacturer instructions, with the addition of a DNAse digestion step.","biotin","Fragmented cDNA was labelled using the WT Terminal Labelling kit (Affymetrix)","9606","Washing and staining using kit for WT array plates, following Affymetrix protocol, Hybridization was carried out using GeneTitan Hybridization","Scan was performed on GeneTitan instrument","CEL files were read with oligo package and subsequently analyzed with the same package. RMA algorithm was applied and a filter step based on annotation was also included in the analysis.","pd.hugene.1.1.st.v1","hugene11sttranscriptcluster.db","GPL11532","Juan,,Fernandez Tajes","jfernandezt@udc.es","Genomics Area","INIBIC","As Xubias","A Coruña","15006","Spain","ftp://ftp.ncbi.nlm.nih.gov/geo/samples/GSM1058nnn/GSM1058096/suppl/GSM1058096_10SE358.CEL.gz","33297","65","osteoarthritis","T","Female","knee cartilage"
"GSM1058097","cartilage knee 10SE218","GSM1058097","Public on Apr 01 2013","Dec 28 2012","Apr 01 2013","RNA","1","cartilage knee","Homo sapiens","disease state: osteoarthritis","age: 73","Sex: Female","haplogroup: U","tissue: knee cartilage","total RNA","Total RNA was isolated from crushed tissue using the Rneasy Mini kit (Qiagen) following manufacturer instructions, with the addition of a DNAse digestion step.","biotin","Fragmented cDNA was labelled using the WT Terminal Labelling kit (Affymetrix)","9606","Washing and staining using kit for WT array plates, following Affymetrix protocol, Hybridization was carried out using GeneTitan Hybridization","Scan was performed on GeneTitan instrument","CEL files were read with oligo package and subsequently analyzed with the same package. RMA algorithm was applied and a filter step based on annotation was also included in the analysis.","pd.hugene.1.1.st.v1","hugene11sttranscriptcluster.db","GPL11532","Juan,,Fernandez Tajes","jfernandezt@udc.es","Genomics Area","INIBIC","As Xubias","A Coruña","15006","Spain","ftp://ftp.ncbi.nlm.nih.gov/geo/samples/GSM1058nnn/GSM1058097/suppl/GSM1058097_10SE218.CEL.gz","33297","73","osteoarthritis","U","Female","knee cartilage"
"GSM1058098","cartilage knee 10SE219","GSM1058098","Public on Apr 01 2013","Dec 28 2012","Apr 01 2013","RNA","1","cartilage knee","Homo sapiens","disease state: osteoarthritis","age: 80","Sex: Male","haplogroup: U","tissue: knee cartilage","total RNA","Total RNA was isolated from crushed tissue using the Rneasy Mini kit (Qiagen) following manufacturer instructions, with the addition of a DNAse digestion step.","biotin","Fragmented cDNA was labelled using the WT Terminal Labelling kit (Affymetrix)","9606","Washing and staining using kit for WT array plates, following Affymetrix protocol, Hybridization was carried out using GeneTitan Hybridization","Scan was performed on GeneTitan instrument","CEL files were read with oligo package and subsequently analyzed with the same package. RMA algorithm was applied and a filter step based on annotation was also included in the analysis.","pd.hugene.1.1.st.v1","hugene11sttranscriptcluster.db","GPL11532","Juan,,Fernandez Tajes","jfernandezt@udc.es","Genomics Area","INIBIC","As Xubias","A Coruña","15006","Spain","ftp://ftp.ncbi.nlm.nih.gov/geo/samples/GSM1058nnn/GSM1058098/suppl/GSM1058098_10SE219.CEL.gz","33297","80","osteoarthritis","U","Male","knee cartilage"
"GSM1058099","cartilage knee 10SE220","GSM1058099","Public on Apr 01 2013","Dec 28 2012","Apr 01 2013","RNA","1","cartilage knee","Homo sapiens","disease state: osteoarthritis","age: 66","Sex: Male","haplogroup: U","tissue: knee cartilage","total RNA","Total RNA was isolated from crushed tissue using the Rneasy Mini kit (Qiagen) following manufacturer instructions, with the addition of a DNAse digestion step.","biotin","Fragmented cDNA was labelled using the WT Terminal Labelling kit (Affymetrix)","9606","Washing and staining using kit for WT array plates, following Affymetrix protocol, Hybridization was carried out using GeneTitan Hybridization","Scan was performed on GeneTitan instrument","CEL files were read with oligo package and subsequently analyzed with the same package. RMA algorithm was applied and a filter step based on annotation was also included in the analysis.","pd.hugene.1.1.st.v1","hugene11sttranscriptcluster.db","GPL11532","Juan,,Fernandez Tajes","jfernandezt@udc.es","Genomics Area","INIBIC","As Xubias","A Coruña","15006","Spain","ftp://ftp.ncbi.nlm.nih.gov/geo/samples/GSM1058nnn/GSM1058099/suppl/GSM1058099_10SE220.CEL.gz","33297","66","osteoarthritis","U","Male","knee cartilage"
"GSM1058100","cartilage knee 10SE225","GSM1058100","Public on Apr 01 2013","Dec 28 2012","Apr 01 2013","RNA","1","cartilage knee","Homo sapiens","disease state: osteoarthritis","age: 74","Sex: Female","haplogroup: H","tissue: knee cartilage","total RNA","Total RNA was isolated from crushed tissue using the Rneasy Mini kit (Qiagen) following manufacturer instructions, with the addition of a DNAse digestion step.","biotin","Fragmented cDNA was labelled using the WT Terminal Labelling kit (Affymetrix)","9606","Washing and staining using kit for WT array plates, following Affymetrix protocol, Hybridization was carried out using GeneTitan Hybridization","Scan was performed on GeneTitan instrument","CEL files were read with oligo package and subsequently analyzed with the same package. RMA algorithm was applied and a filter step based on annotation was also included in the analysis.","pd.hugene.1.1.st.v1","hugene11sttranscriptcluster.db","GPL11532","Juan,,Fernandez Tajes","jfernandezt@udc.es","Genomics Area","INIBIC","As Xubias","A Coruña","15006","Spain","ftp://ftp.ncbi.nlm.nih.gov/geo/samples/GSM1058nnn/GSM1058100/suppl/GSM1058100_10SE225.CEL.gz","33297","74","osteoarthritis","H","Female","knee cartilage"
"GSM1058101","cartilage knee 10SE226","GSM1058101","Public on Apr 01 2013","Dec 28 2012","Apr 01 2013","RNA","1","cartilage knee","Homo sapiens","disease state: osteoarthritis","age: 84","Sex: Male","haplogroup: H","tissue: knee cartilage","total RNA","Total RNA was isolated from crushed tissue using the Rneasy Mini kit (Qiagen) following manufacturer instructions, with the addition of a DNAse digestion step.","biotin","Fragmented cDNA was labelled using the WT Terminal Labelling kit (Affymetrix)","9606","Washing and staining using kit for WT array plates, following Affymetrix protocol, Hybridization was carried out using GeneTitan Hybridization","Scan was performed on GeneTitan instrument","CEL files were read with oligo package and subsequently analyzed with the same package. RMA algorithm was applied and a filter step based on annotation was also included in the analysis.","pd.hugene.1.1.st.v1","hugene11sttranscriptcluster.db","GPL11532","Juan,,Fernandez Tajes","jfernandezt@udc.es","Genomics Area","INIBIC","As Xubias","A Coruña","15006","Spain","ftp://ftp.ncbi.nlm.nih.gov/geo/samples/GSM1058nnn/GSM1058101/suppl/GSM1058101_10SE226.CEL.gz","33297","84","osteoarthritis","H","Male","knee cartilage"
"GSM1058102","cartilage knee 10SE227","GSM1058102","Public on Apr 01 2013","Dec 28 2012","Apr 01 2013","RNA","1","cartilage knee","Homo sapiens","disease state: osteoarthritis","age: 73","Sex: Female","haplogroup: H","tissue: knee cartilage","total RNA","Total RNA was isolated from crushed tissue using the Rneasy Mini kit (Qiagen) following manufacturer instructions, with the addition of a DNAse digestion step.","biotin","Fragmented cDNA was labelled using the WT Terminal Labelling kit (Affymetrix)","9606","Washing and staining using kit for WT array plates, following Affymetrix protocol, Hybridization was carried out using GeneTitan Hybridization","Scan was performed on GeneTitan instrument","CEL files were read with oligo package and subsequently analyzed with the same package. RMA algorithm was applied and a filter step based on annotation was also included in the analysis.","pd.hugene.1.1.st.v1","hugene11sttranscriptcluster.db","GPL11532","Juan,,Fernandez Tajes","jfernandezt@udc.es","Genomics Area","INIBIC","As Xubias","A Coruña","15006","Spain","ftp://ftp.ncbi.nlm.nih.gov/geo/samples/GSM1058nnn/GSM1058102/suppl/GSM1058102_10SE227.CEL.gz","33297","73","osteoarthritis","H","Female","knee cartilage"
"GSM1058103","cartilage knee 10SE229","GSM1058103","Public on Apr 01 2013","Dec 28 2012","Apr 01 2013","RNA","1","cartilage knee","Homo sapiens","disease state: osteoarthritis","age: 75","Sex: Female","haplogroup: H","tissue: knee cartilage","total RNA","Total RNA was isolated from crushed tissue using the Rneasy Mini kit (Qiagen) following manufacturer instructions, with the addition of a DNAse digestion step.","biotin","Fragmented cDNA was labelled using the WT Terminal Labelling kit (Affymetrix)","9606","Washing and staining using kit for WT array plates, following Affymetrix protocol, Hybridization was carried out using GeneTitan Hybridization","Scan was performed on GeneTitan instrument","CEL files were read with oligo package and subsequently analyzed with the same package. RMA algorithm was applied and a filter step based on annotation was also included in the analysis.","pd.hugene.1.1.st.v1","hugene11sttranscriptcluster.db","GPL11532","Juan,,Fernandez Tajes","jfernandezt@udc.es","Genomics Area","INIBIC","As Xubias","A Coruña","15006","Spain","ftp://ftp.ncbi.nlm.nih.gov/geo/samples/GSM1058nnn/GSM1058103/suppl/GSM1058103_10SE229.CEL.gz","33297","75","osteoarthritis","H","Female","knee cartilage"
"GSM1058104","cartilage knee 10SE357","GSM1058104","Public on Apr 01 2013","Dec 28 2012","Apr 01 2013","RNA","1","cartilage knee","Homo sapiens","disease state: osteoarthritis","age: 70","Sex: Male","haplogroup: U","tissue: knee cartilage","total RNA","Total RNA was isolated from crushed tissue using the Rneasy Mini kit (Qiagen) following manufacturer instructions, with the addition of a DNAse digestion step.","biotin","Fragmented cDNA was labelled using the WT Terminal Labelling kit (Affymetrix)","9606","Washing and staining using kit for WT array plates, following Affymetrix protocol, Hybridization was carried out using GeneTitan Hybridization","Scan was performed on GeneTitan instrument","CEL files were read with oligo package and subsequently analyzed with the same package. RMA algorithm was applied and a filter step based on annotation was also included in the analysis.","pd.hugene.1.1.st.v1","hugene11sttranscriptcluster.db","GPL11532","Juan,,Fernandez Tajes","jfernandezt@udc.es","Genomics Area","INIBIC","As Xubias","A Coruña","15006","Spain","ftp://ftp.ncbi.nlm.nih.gov/geo/samples/GSM1058nnn/GSM1058104/suppl/GSM1058104_10SE357.CEL.gz","33297","70","osteoarthritis","U","Male","knee cartilage"
"GSM1058105","cartilage knee 10SE207","GSM1058105","Public on Apr 01 2013","Dec 28 2012","Apr 01 2013","RNA","1","cartilage knee","Homo sapiens","disease state: osteoarthritis","age: 74","Sex: Female","haplogroup: J","tissue: knee cartilage","total RNA","Total RNA was isolated from crushed tissue using the Rneasy Mini kit (Qiagen) following manufacturer instructions, with the addition of a DNAse digestion step.","biotin","Fragmented cDNA was labelled using the WT Terminal Labelling kit (Affymetrix)","9606","Washing and staining using kit for WT array plates, following Affymetrix protocol, Hybridization was carried out using GeneTitan Hybridization","Scan was performed on GeneTitan instrument","CEL files were read with oligo package and subsequently analyzed with the same package. RMA algorithm was applied and a filter step based on annotation was also included in the analysis.","pd.hugene.1.1.st.v1","hugene11sttranscriptcluster.db","GPL11532","Juan,,Fernandez Tajes","jfernandezt@udc.es","Genomics Area","INIBIC","As Xubias","A Coruña","15006","Spain","ftp://ftp.ncbi.nlm.nih.gov/geo/samples/GSM1058nnn/GSM1058105/suppl/GSM1058105_10SE207.CEL.gz","33297","74","osteoarthritis","J","Female","knee cartilage"
"GSM1058106","cartilage knee 10SE208","GSM1058106","Public on Apr 01 2013","Dec 28 2012","Apr 01 2013","RNA","1","cartilage knee","Homo sapiens","disease state: osteoarthritis","age: 80","Sex: Female","haplogroup: J","tissue: knee cartilage","total RNA","Total RNA was isolated from crushed tissue using the Rneasy Mini kit (Qiagen) following manufacturer instructions, with the addition of a DNAse digestion step.","biotin","Fragmented cDNA was labelled using the WT Terminal Labelling kit (Affymetrix)","9606","Washing and staining using kit for WT array plates, following Affymetrix protocol, Hybridization was carried out using GeneTitan Hybridization","Scan was performed on GeneTitan instrument","CEL files were read with oligo package and subsequently analyzed with the same package. RMA algorithm was applied and a filter step based on annotation was also included in the analysis.","pd.hugene.1.1.st.v1","hugene11sttranscriptcluster.db","GPL11532","Juan,,Fernandez Tajes","jfernandezt@udc.es","Genomics Area","INIBIC","As Xubias","A Coruña","15006","Spain","ftp://ftp.ncbi.nlm.nih.gov/geo/samples/GSM1058nnn/GSM1058106/suppl/GSM1058106_10SE208.CEL.gz","33297","80","osteoarthritis","J","Female","knee cartilage"
"GSM1058107","cartilage knee 10SE209","GSM1058107","Public on Apr 01 2013","Dec 28 2012","Apr 01 2013","RNA","1","cartilage knee","Homo sapiens","disease state: osteoarthritis","age: 63","Sex: Female","haplogroup: J","tissue: knee cartilage","total RNA","Total RNA was isolated from crushed tissue using the Rneasy Mini kit (Qiagen) following manufacturer instructions, with the addition of a DNAse digestion step.","biotin","Fragmented cDNA was labelled using the WT Terminal Labelling kit (Affymetrix)","9606","Washing and staining using kit for WT array plates, following Affymetrix protocol, Hybridization was carried out using GeneTitan Hybridization","Scan was performed on GeneTitan instrument","CEL files were read with oligo package and subsequently analyzed with the same package. RMA algorithm was applied and a filter step based on annotation was also included in the analysis.","pd.hugene.1.1.st.v1","hugene11sttranscriptcluster.db","GPL11532","Juan,,Fernandez Tajes","jfernandezt@udc.es","Genomics Area","INIBIC","As Xubias","A Coruña","15006","Spain","ftp://ftp.ncbi.nlm.nih.gov/geo/samples/GSM1058nnn/GSM1058107/suppl/GSM1058107_10SE209.CEL.gz","33297","63","osteoarthritis","J","Female","knee cartilage"
"GSM1058108","cartilage knee 10SE210","GSM1058108","Public on Apr 01 2013","Dec 28 2012","Apr 01 2013","RNA","1","cartilage knee","Homo sapiens","disease state: osteoarthritis","age: 64","Sex: Female","haplogroup: J","tissue: knee cartilage","total RNA","Total RNA was isolated from crushed tissue using the Rneasy Mini kit (Qiagen) following manufacturer instructions, with the addition of a DNAse digestion step.","biotin","Fragmented cDNA was labelled using the WT Terminal Labelling kit (Affymetrix)","9606","Washing and staining using kit for WT array plates, following Affymetrix protocol, Hybridization was carried out using GeneTitan Hybridization","Scan was performed on GeneTitan instrument","CEL files were read with oligo package and subsequently analyzed with the same package. RMA algorithm was applied and a filter step based on annotation was also included in the analysis.","pd.hugene.1.1.st.v1","hugene11sttranscriptcluster.db","GPL11532","Juan,,Fernandez Tajes","jfernandezt@udc.es","Genomics Area","INIBIC","As Xubias","A Coruña","15006","Spain","ftp://ftp.ncbi.nlm.nih.gov/geo/samples/GSM1058nnn/GSM1058108/suppl/GSM1058108_10SE210.CEL.gz","33297","64","osteoarthritis","J","Female","knee cartilage"
"GSM1058109","cartilage knee 10SE211","GSM1058109","Public on Apr 01 2013","Dec 28 2012","Apr 01 2013","RNA","1","cartilage knee","Homo sapiens","disease state: osteoarthritis","age: 74","Sex: Female","haplogroup: J","tissue: knee cartilage","total RNA","Total RNA was isolated from crushed tissue using the Rneasy Mini kit (Qiagen) following manufacturer instructions, with the addition of a DNAse digestion step.","biotin","Fragmented cDNA was labelled using the WT Terminal Labelling kit (Affymetrix)","9606","Washing and staining using kit for WT array plates, following Affymetrix protocol, Hybridization was carried out using GeneTitan Hybridization","Scan was performed on GeneTitan instrument","CEL files were read with oligo package and subsequently analyzed with the same package. RMA algorithm was applied and a filter step based on annotation was also included in the analysis.","pd.hugene.1.1.st.v1","hugene11sttranscriptcluster.db","GPL11532","Juan,,Fernandez Tajes","jfernandezt@udc.es","Genomics Area","INIBIC","As Xubias","A Coruña","15006","Spain","ftp://ftp.ncbi.nlm.nih.gov/geo/samples/GSM1058nnn/GSM1058109/suppl/GSM1058109_10SE211.CEL.gz","33297","74","osteoarthritis","J","Female","knee cartilage"
"GSM1058110","cartilage knee 10SE223","GSM1058110","Public on Apr 01 2013","Dec 28 2012","Apr 01 2013","RNA","1","cartilage knee","Homo sapiens","disease state: osteoarthritis","age: 60","Sex: Female","haplogroup: U","tissue: knee cartilage","total RNA","Total RNA was isolated from crushed tissue using the Rneasy Mini kit (Qiagen) following manufacturer instructions, with the addition of a DNAse digestion step.","biotin","Fragmented cDNA was labelled using the WT Terminal Labelling kit (Affymetrix)","9606","Washing and staining using kit for WT array plates, following Affymetrix protocol, Hybridization was carried out using GeneTitan Hybridization","Scan was performed on GeneTitan instrument","CEL files were read with oligo package and subsequently analyzed with the same package. RMA algorithm was applied and a filter step based on annotation was also included in the analysis.","pd.hugene.1.1.st.v1","hugene11sttranscriptcluster.db","GPL11532","Juan,,Fernandez Tajes","jfernandezt@udc.es","Genomics Area","INIBIC","As Xubias","A Coruña","15006","Spain","ftp://ftp.ncbi.nlm.nih.gov/geo/samples/GSM1058nnn/GSM1058110/suppl/GSM1058110_10SE223.CEL.gz","33297","60","osteoarthritis","U","Female","knee cartilage"
"GSM1058111","cartilage knee 10SE360","GSM1058111","Public on Apr 01 2013","Dec 28 2012","Apr 01 2013","RNA","1","cartilage knee","Homo sapiens","disease state: osteoarthritis","age: 56","Sex: Female","haplogroup: J","tissue: knee cartilage","total RNA","Total RNA was isolated from crushed tissue using the Rneasy Mini kit (Qiagen) following manufacturer instructions, with the addition of a DNAse digestion step.","biotin","Fragmented cDNA was labelled using the WT Terminal Labelling kit (Affymetrix)","9606","Washing and staining using kit for WT array plates, following Affymetrix protocol, Hybridization was carried out using GeneTitan Hybridization","Scan was performed on GeneTitan instrument","CEL files were read with oligo package and subsequently analyzed with the same package. RMA algorithm was applied and a filter step based on annotation was also included in the analysis.","pd.hugene.1.1.st.v1","hugene11sttranscriptcluster.db","GPL11532","Juan,,Fernandez Tajes","jfernandezt@udc.es","Genomics Area","INIBIC","As Xubias","A Coruña","15006","Spain","ftp://ftp.ncbi.nlm.nih.gov/geo/samples/GSM1058nnn/GSM1058111/suppl/GSM1058111_10SE360.CEL.gz","33297","56","osteoarthritis","J","Female","knee cartilage"
"GSM1058112","cartilage knee 10SE212","GSM1058112","Public on Apr 01 2013","Dec 28 2012","Apr 01 2013","RNA","1","cartilage knee","Homo sapiens","disease state: osteoarthritis","age: 73","Sex: Female","haplogroup: T","tissue: knee cartilage","total RNA","Total RNA was isolated from crushed tissue using the Rneasy Mini kit (Qiagen) following manufacturer instructions, with the addition of a DNAse digestion step.","biotin","Fragmented cDNA was labelled using the WT Terminal Labelling kit (Affymetrix)","9606","Washing and staining using kit for WT array plates, following Affymetrix protocol, Hybridization was carried out using GeneTitan Hybridization","Scan was performed on GeneTitan instrument","CEL files were read with oligo package and subsequently analyzed with the same package. RMA algorithm was applied and a filter step based on annotation was also included in the analysis.","pd.hugene.1.1.st.v1","hugene11sttranscriptcluster.db","GPL11532","Juan,,Fernandez Tajes","jfernandezt@udc.es","Genomics Area","INIBIC","As Xubias","A Coruña","15006","Spain","ftp://ftp.ncbi.nlm.nih.gov/geo/samples/GSM1058nnn/GSM1058112/suppl/GSM1058112_10SE212.CEL.gz","33297","73","osteoarthritis","T","Female","knee cartilage"
"GSM1058113","cartilage knee 10SE213","GSM1058113","Public on Apr 01 2013","Dec 28 2012","Apr 01 2013","RNA","1","cartilage knee","Homo sapiens","disease state: osteoarthritis","age: 79","Sex: Female","haplogroup: T","tissue: knee cartilage","total RNA","Total RNA was isolated from crushed tissue using the Rneasy Mini kit (Qiagen) following manufacturer instructions, with the addition of a DNAse digestion step.","biotin","Fragmented cDNA was labelled using the WT Terminal Labelling kit (Affymetrix)","9606","Washing and staining using kit for WT array plates, following Affymetrix protocol, Hybridization was carried out using GeneTitan Hybridization","Scan was performed on GeneTitan instrument","CEL files were read with oligo package and subsequently analyzed with the same package. RMA algorithm was applied and a filter step based on annotation was also included in the analysis.","pd.hugene.1.1.st.v1","hugene11sttranscriptcluster.db","GPL11532","Juan,,Fernandez Tajes","jfernandezt@udc.es","Genomics Area","INIBIC","As Xubias","A Coruña","15006","Spain","ftp://ftp.ncbi.nlm.nih.gov/geo/samples/GSM1058nnn/GSM1058113/suppl/GSM1058113_10SE213.CEL.gz","33297","79","osteoarthritis","T","Female","knee cartilage"
"GSM1058114","cartilage knee 10SE214","GSM1058114","Public on Apr 01 2013","Dec 28 2012","Apr 01 2013","RNA","1","cartilage knee","Homo sapiens","disease state: osteoarthritis","age: 82","Sex: Female","haplogroup: T","tissue: knee cartilage","total RNA","Total RNA was isolated from crushed tissue using the Rneasy Mini kit (Qiagen) following manufacturer instructions, with the addition of a DNAse digestion step.","biotin","Fragmented cDNA was labelled using the WT Terminal Labelling kit (Affymetrix)","9606","Washing and staining using kit for WT array plates, following Affymetrix protocol, Hybridization was carried out using GeneTitan Hybridization","Scan was performed on GeneTitan instrument","CEL files were read with oligo package and subsequently analyzed with the same package. RMA algorithm was applied and a filter step based on annotation was also included in the analysis.","pd.hugene.1.1.st.v1","hugene11sttranscriptcluster.db","GPL11532","Juan,,Fernandez Tajes","jfernandezt@udc.es","Genomics Area","INIBIC","As Xubias","A Coruña","15006","Spain","ftp://ftp.ncbi.nlm.nih.gov/geo/samples/GSM1058nnn/GSM1058114/suppl/GSM1058114_10SE214.CEL.gz","33297","82","osteoarthritis","T","Female","knee cartilage"
"GSM1058115","cartilage knee 10SE215","GSM1058115","Public on Apr 01 2013","Dec 28 2012","Apr 01 2013","RNA","1","cartilage knee","Homo sapiens","disease state: osteoarthritis","age: 76","Sex: Female","haplogroup: T","tissue: knee cartilage","total RNA","Total RNA was isolated from crushed tissue using the Rneasy Mini kit (Qiagen) following manufacturer instructions, with the addition of a DNAse digestion step.","biotin","Fragmented cDNA was labelled using the WT Terminal Labelling kit (Affymetrix)","9606","Washing and staining using kit for WT array plates, following Affymetrix protocol, Hybridization was carried out using GeneTitan Hybridization","Scan was performed on GeneTitan instrument","CEL files were read with oligo package and subsequently analyzed with the same package. RMA algorithm was applied and a filter step based on annotation was also included in the analysis.","pd.hugene.1.1.st.v1","hugene11sttranscriptcluster.db","GPL11532","Juan,,Fernandez Tajes","jfernandezt@udc.es","Genomics Area","INIBIC","As Xubias","A Coruña","15006","Spain","ftp://ftp.ncbi.nlm.nih.gov/geo/samples/GSM1058nnn/GSM1058115/suppl/GSM1058115_10SE215.CEL.gz","33297","76","osteoarthritis","T","Female","knee cartilage"
"GSM1058116","cartilage knee 10SE222","GSM1058116","Public on Apr 01 2013","Dec 28 2012","Apr 01 2013","RNA","1","cartilage knee","Homo sapiens","disease state: osteoarthritis","age: 65","Sex: Female","haplogroup: U","tissue: knee cartilage","total RNA","Total RNA was isolated from crushed tissue using the Rneasy Mini kit (Qiagen) following manufacturer instructions, with the addition of a DNAse digestion step.","biotin","Fragmented cDNA was labelled using the WT Terminal Labelling kit (Affymetrix)","9606","Washing and staining using kit for WT array plates, following Affymetrix protocol, Hybridization was carried out using GeneTitan Hybridization","Scan was performed on GeneTitan instrument","CEL files were read with oligo package and subsequently analyzed with the same package. RMA algorithm was applied and a filter step based on annotation was also included in the analysis.","pd.hugene.1.1.st.v1","hugene11sttranscriptcluster.db","GPL11532","Juan,,Fernandez Tajes","jfernandezt@udc.es","Genomics Area","INIBIC","As Xubias","A Coruña","15006","Spain","ftp://ftp.ncbi.nlm.nih.gov/geo/samples/GSM1058nnn/GSM1058116/suppl/GSM1058116_10SE222.CEL.gz","33297","65","osteoarthritis","U","Female","knee cartilage"
